fixture_id,date,referee,home_team,away_team,home_goals,away_goals,home_corners,away_corners,total_corners,home_cards,away_cards,total_cards
1818069,2023-06-27 13:00:00,Desconocido,Atlètic d'Escaldes,Buducnost Podgorica,0,3,,,,,,
1818070,2023-06-27 19:00:00,Desconocido,Tre Penne,Breidablik,1,7,,,,,,
1834313,2023-06-30 19:00:00,Desconocido,Buducnost Podgorica,Breidablik,0,5,,,,,,
1821870,2023-07-11 15:00:00,Desconocido,Urartu,Zrinjski,0,1,,,,,,
1821869,2023-07-11 15:30:00,Desconocido,Lincoln Red Imps,Qarabag FK,1,2,,,,,,
1821875,2023-07-11 16:00:00,Desconocido,VMFD Zalgiris,Struga,0,0,,,,,,
1821867,2023-07-11 18:00:00,Desconocido,Ħamrun Spartans,Maccabi Haifa,0,4,,,,,,
1821868,2023-07-11 18:00:00,Desconocido,Rakow Czestochowa,FC Flora Tallin,1,0,,,,,,
1821872,2023-07-11 18:00:00,Desconocido,Olimpija Ljubljana,Valmieras FK,2,1,,,,,,
1821873,2023-07-11 18:45:00,Desconocido,Partizani,BATE Borisov,1,1,,,,,,
1821874,2023-07-11 18:45:00,Desconocido,KÍ Klaksvík,Ferencvaros,0,0,,,,,,
1821877,2023-07-11 18:45:00,Desconocido,Ballkani,Ludogorets Razgrad,2,0,,,,,,
1839460,2023-07-11 18:45:00,Desconocido,Shamrock,Breidablik,0,1,,,,,,
1821876,2023-07-12 14:00:00,Desconocido,FC Astana,Dinamo Tbilisi,1,1,,,,,,
1821871,2023-07-12 16:00:00,Desconocido,HJK Helsinki,Larne,1,0,,,,,,
1821878,2023-07-12 17:00:00,Desconocido,Hacken,TNS,3,1,,,,,,
1821865,2023-07-12 17:30:00,Desconocido,Farul Constanta,Sheriff Tiraspol,1,0,,,,,,
1821866,2023-07-12 18:30:00,Desconocido,Slovan Bratislava,Swift Hesperange,1,1,,,,,,
1821890,2023-07-18 15:00:00,Desconocido,Struga,VMFD Zalgiris,1,2,,,,,,
1821881,2023-07-18 17:00:00,Desconocido,Maccabi Haifa,Ħamrun Spartans,2,1,,,,,,
1821882,2023-07-18 17:00:00,Desconocido,Sheriff Tiraspol,Farul Constanta,3,0,,,,,,
1821885,2023-07-18 17:00:00,Desconocido,FC Flora Tallin,Rakow Czestochowa,0,3,,,,,,
1821879,2023-07-18 18:00:00,Desconocido,Zrinjski,Urartu,2,3,,,,,,
1821880,2023-07-18 18:00:00,Desconocido,BATE Borisov,Partizani,2,0,,,,,,
1821892,2023-07-18 18:00:00,Desconocido,TNS,Hacken,0,2,,,,,,
1839461,2023-07-18 19:15:00,Desconocido,Breidablik,Shamrock,2,1,,,,,,
1821888,2023-07-19 15:00:00,Desconocido,Valmieras FK,Olimpija Ljubljana,1,2,,,,,,
1821883,2023-07-19 16:00:00,Desconocido,Dinamo Tbilisi,FC Astana,1,2,,,,,,
1821886,2023-07-19 16:00:00,Desconocido,Qarabag FK,Lincoln Red Imps,4,0,,,,,,
1821889,2023-07-19 16:00:00,Desconocido,Ferencvaros,KÍ Klaksvík,0,3,,,,,,
1821884,2023-07-19 18:00:00,Desconocido,Swift Hesperange,Slovan Bratislava,0,2,,,,,,
1821891,2023-07-19 18:00:00,Desconocido,Ludogorets Razgrad,Ballkani,4,0,,,,,,
1821887,2023-07-19 18:30:00,Desconocido,Larne,HJK Helsinki,2,2,,,,,,
1855359,2023-07-25 16:00:00,Desconocido,VMFD Zalgiris,Galatasaray,2,2,,,,,,
1855365,2023-07-25 16:00:00,Desconocido,HJK Helsinki,Molde,1,0,,,,,,
1822145,2023-07-25 18:00:00,Desconocido,SC Dnipro-1,Panathinaikos,1,3,,,,,,
1855361,2023-07-25 18:00:00,Desconocido,Dinamo Zagreb,FC Astana,4,0,,,,,,
1822146,2023-07-25 18:30:00,Desconocido,Servette,Genk,1,1,,,,,,
1855360,2023-07-25 19:00:00,Desconocido,Zrinjski,Slovan Bratislava,0,1,,,,,,
1855362,2023-07-25 19:15:00,Desconocido,Breidablik,FC Copenhagen,0,2,,,,,,
1855366,2023-07-26 17:00:00,Desconocido,Sheriff Tiraspol,Maccabi Haifa,1,0,,,,,,
1855367,2023-07-26 17:00:00,Desconocido,Aris Limassol,BATE Borisov,6,2,,,,,,
1855368,2023-07-26 18:15:00,Desconocido,Rakow Czestochowa,Qarabag FK,3,2,,,,,,
1855363,2023-07-26 18:45:00,Desconocido,Ludogorets Razgrad,Olimpija Ljubljana,1,1,,,,,,
1855364,2023-07-26 18:45:00,Desconocido,KÍ Klaksvík,Hacken,0,0,,,,,,
1822147,2023-08-01 17:30:00,Desconocido,Panathinaikos,SC Dnipro-1,2,2,,,,,,
1855369,2023-08-01 18:00:00,Desconocido,BATE Borisov,Aris Limassol,3,5,,,,,,
1855372,2023-08-01 18:00:00,Desconocido,Olimpija Ljubljana,Ludogorets Razgrad,2,1,,,,,,
1855373,2023-08-01 18:30:00,Desconocido,Slovan Bratislava,Zrinjski,2,2,,,,,,
1855370,2023-08-02 14:00:00,Desconocido,FC Astana,Dinamo Zagreb,0,2,,,,,,
1855371,2023-08-02 16:00:00,Desconocido,Qarabag FK,Rakow Czestochowa,1,1,,,,,,
1822148,2023-08-02 17:00:00,Desconocido,Genk,Servette,2,2,,,,,,
1855374,2023-08-02 17:00:00,Desconocido,Hacken,KÍ Klaksvík,3,3,,,,,,
1855375,2023-08-02 17:00:00,Desconocido,Molde,HJK Helsinki,2,0,,,,,,
1855376,2023-08-02 17:00:00,Desconocido,Maccabi Haifa,Sheriff Tiraspol,4,1,,,,,,
1855377,2023-08-02 18:00:00,Desconocido,FC Copenhagen,Breidablik,6,3,,,,,,
1855378,2023-08-02 18:30:00,Desconocido,Galatasaray,VMFD Zalgiris,1,0,,,,,,
1875799,2023-08-08 18:00:00,Desconocido,Rakow Czestochowa,Aris Limassol,2,1,,,,,,
1875800,2023-08-08 18:00:00,Desconocido,FC Copenhagen,Sparta Prague,0,0,,,,,,
1869083,2023-08-08 18:30:00,Desconocido,PSV Eindhoven,Sturm Graz,4,1,,,,,,
1875798,2023-08-08 18:45:00,Desconocido,KÍ Klaksvík,Molde,2,1,,,,,,
1869082,2023-08-08 19:00:00,Desconocido,Braga,TSC Bačka Topola,3,0,,,,,,
1875801,2023-08-08 19:00:00,Desconocido,Olimpija Ljubljana,Galatasaray,0,3,,,,,,
1875482,2023-08-09 18:00:00,Desconocido,Panathinaikos,Marseille,1,0,,,,,,
1875803,2023-08-09 18:30:00,Desconocido,Slovan Bratislava,Maccabi Haifa,1,2,,,,,,
1875797,2023-08-09 18:45:00,Desconocido,Rangers,Servette,2,1,,,,,,
1875805,2023-08-15 17:00:00,Desconocido,Maccabi Haifa,Slovan Bratislava,3,1,,,,,,
1875807,2023-08-15 17:00:00,Desconocido,Aris Limassol,Rakow Czestochowa,0,1,,,,,,
1875808,2023-08-15 17:00:00,Desconocido,Sparta Prague,FC Copenhagen,3,3,,,,,,
1875809,2023-08-15 17:00:00,Desconocido,Molde,KÍ Klaksvík,2,0,,,,,,
1869084,2023-08-15 18:00:00,Desconocido,TSC Bačka Topola,Braga,1,4,,,,,,
1875804,2023-08-15 18:00:00,Desconocido,Dinamo Zagreb,AEK,1,2,,,,,,
1875806,2023-08-15 18:00:00,Desconocido,Galatasaray,Olimpija Ljubljana,1,0,,,,,,
1869085,2023-08-15 18:30:00,Desconocido,Sturm Graz,PSV Eindhoven,1,3,,,,,,
1875810,2023-08-15 18:30:00,Desconocido,Servette,Rangers,1,1,,,,,,
1875483,2023-08-15 19:00:00,Desconocido,Marseille,Panathinaikos,2,1,,,,,,
1875802,2023-08-19 18:45:00,Desconocido,AEK,Dinamo Zagreb,2,2,,,,,,
1883700,2023-08-22 19:00:00,Desconocido,Rangers,PSV Eindhoven,2,2,,,,,,
1883701,2023-08-22 19:00:00,Desconocido,Rakow Czestochowa,FC Copenhagen,0,1,,,,,,
1884712,2023-08-22 19:00:00,Desconocido,Antwerp,AEK,1,0,,,,,,
1883702,2023-08-23 19:00:00,Desconocido,Maccabi Haifa,Young Boys,0,0,,,,,,
1883703,2023-08-23 19:00:00,Desconocido,Braga,Panathinaikos,2,1,,,,,,
1883704,2023-08-23 19:00:00,Desconocido,Molde,Galatasaray,2,3,,,,,,
1883705,2023-08-29 19:00:00,Desconocido,Young Boys,Maccabi Haifa,3,0,,,,,,
1883706,2023-08-29 19:00:00,Desconocido,Panathinaikos,Braga,0,1,,,,,,
1883707,2023-08-29 19:00:00,Desconocido,Galatasaray,Molde,2,1,,,,,,
1883708,2023-08-30 19:00:00,Desconocido,PSV Eindhoven,Rangers,5,1,,,,,,
1883709,2023-08-30 19:00:00,Desconocido,FC Copenhagen,Rakow Czestochowa,1,1,,,,,,
1884713,2023-08-30 19:00:00,Desconocido,AEK,Antwerp,1,2,,,,,,
1890159,2023-09-19 16:45:00,Desconocido,Milan,Newcastle,0,0,,,,,,
1890160,2023-09-19 16:45:00,Desconocido,Young Boys,RasenBallsport Leipzig,1,3,,,,,,
1890161,2023-09-19 19:00:00,Desconocido,Feyenoord,Celtic,2,0,,,,,,
1890162,2023-09-19 19:00:00,Desconocido,Lazio,Ath Madrid,1,1,,,,,,
1890163,2023-09-19 19:00:00,Desconocido,Paris SG,Dortmund,2,0,,,,,,
1890164,2023-09-19 19:00:00,Desconocido,Manchester City,Crvena Zvezda,3,1,,,,,,
1890165,2023-09-19 19:00:00,Desconocido,Barcelona,Antwerp,5,0,,,,,,
1890166,2023-09-19 19:00:00,Desconocido,Shakhtar Donetsk,FC Porto,1,3,,,,,,
1890167,2023-09-20 16:45:00,Desconocido,Galatasaray,FC Copenhagen,2,2,,,,,,
1890168,2023-09-20 16:45:00,Desconocido,Real Madrid,Union Berlin,1,0,,,,,,
1890169,2023-09-20 19:00:00,Desconocido,Bayern Munich,Manchester United,4,3,,,,,,
1890170,2023-09-20 19:00:00,Desconocido,Sevilla,Lens,1,1,,,,,,
1890171,2023-09-20 19:00:00,Desconocido,Arsenal,PSV Eindhoven,4,0,,,,,,
1890172,2023-09-20 19:00:00,Desconocido,Braga,Napoli,1,2,,,,,,
1890173,2023-09-20 19:00:00,Desconocido,Benfica,SV Salzburg,0,2,,,,,,
1890174,2023-09-20 19:00:00,Desconocido,Sociedad,Inter,1,1,,,,,,
1890175,2023-10-03 16:45:00,Desconocido,Union Berlin,Braga,2,3,,,,,,
1890176,2023-10-03 16:45:00,Desconocido,SV Salzburg,Sociedad,0,2,,,,,,
1890177,2023-10-03 19:00:00,Desconocido,Manchester United,Galatasaray,2,3,,,,,,
1890178,2023-10-03 19:00:00,Desconocido,FC Copenhagen,Bayern Munich,1,2,,,,,,
1890179,2023-10-03 19:00:00,Desconocido,Lens,Arsenal,2,1,,,,,,
1890180,2023-10-03 19:00:00,Desconocido,PSV Eindhoven,Sevilla,2,2,,,,,,
1890181,2023-10-03 19:00:00,Desconocido,Napoli,Real Madrid,2,3,,,,,,
1890182,2023-10-03 19:00:00,Desconocido,Inter,Benfica,1,0,,,,,,
1890183,2023-10-04 16:45:00,Desconocido,Ath Madrid,Feyenoord,3,2,,,,,,
1890184,2023-10-04 16:45:00,Desconocido,Antwerp,Shakhtar Donetsk,2,3,,,,,,
1890185,2023-10-04 19:00:00,Desconocido,Celtic,Lazio,1,2,,,,,,
1890186,2023-10-04 19:00:00,Desconocido,Dortmund,Milan,0,0,,,,,,
1890187,2023-10-04 19:00:00,Desconocido,Newcastle,Paris SG,4,1,,,,,,
1890188,2023-10-04 19:00:00,Desconocido,RasenBallsport Leipzig,Manchester City,1,3,,,,,,
1890189,2023-10-04 19:00:00,Desconocido,Crvena Zvezda,Young Boys,2,2,,,,,,
1890190,2023-10-04 19:00:00,Desconocido,FC Porto,Barcelona,0,1,,,,,,
1890191,2023-10-24 16:45:00,Desconocido,Galatasaray,Bayern Munich,1,3,,,,,,
1890192,2023-10-24 16:45:00,Desconocido,Inter,SV Salzburg,2,1,,,,,,
1890193,2023-10-24 19:00:00,Desconocido,Manchester United,FC Copenhagen,1,0,,,,,,
1890194,2023-10-24 19:00:00,Desconocido,Lens,PSV Eindhoven,1,1,,,,,,
1890195,2023-10-24 19:00:00,Desconocido,Sevilla,Arsenal,1,2,,,,,,
1890196,2023-10-24 19:00:00,Desconocido,Braga,Real Madrid,1,2,,,,,,
1890197,2023-10-24 19:00:00,Desconocido,Union Berlin,Napoli,0,1,,,,,,
1890198,2023-10-24 19:00:00,Desconocido,Benfica,Sociedad,0,1,,,,,,
1890199,2023-10-25 16:45:00,Desconocido,Feyenoord,Lazio,3,1,,,,,,
1890200,2023-10-25 16:45:00,Desconocido,Barcelona,Shakhtar Donetsk,2,1,,,,,,
1890201,2023-10-25 19:00:00,Desconocido,Celtic,Ath Madrid,2,2,,,,,,
1890202,2023-10-25 19:00:00,Desconocido,Paris SG,Milan,3,0,,,,,,
1890203,2023-10-25 19:00:00,Desconocido,Newcastle,Dortmund,0,1,,,,,,
1890204,2023-10-25 19:00:00,Desconocido,RasenBallsport Leipzig,Crvena Zvezda,3,1,,,,,,
1890205,2023-10-25 19:00:00,Desconocido,Young Boys,Manchester City,1,3,,,,,,
1890206,2023-10-25 19:00:00,Desconocido,Antwerp,FC Porto,1,4,,,,,,
1890207,2023-11-07 17:45:00,Desconocido,Dortmund,Newcastle,2,0,,,,,,
1890208,2023-11-07 17:45:00,Desconocido,Shakhtar Donetsk,Barcelona,1,0,,,,,,
1890209,2023-11-07 20:00:00,Desconocido,Ath Madrid,Celtic,6,0,,,,,,
1890210,2023-11-07 20:00:00,Desconocido,Lazio,Feyenoord,1,0,,,,,,
1890211,2023-11-07 20:00:00,Desconocido,Milan,Paris SG,2,1,,,,,,
1890212,2023-11-07 20:00:00,Desconocido,Manchester City,Young Boys,3,0,,,,,,
1890213,2023-11-07 20:00:00,Desconocido,Crvena Zvezda,RasenBallsport Leipzig,1,2,,,,,,
1890214,2023-11-07 20:00:00,Desconocido,FC Porto,Antwerp,2,0,,,,,,
1890215,2023-11-08 17:45:00,Desconocido,Napoli,Union Berlin,1,1,,,,,,
1890216,2023-11-08 17:45:00,Desconocido,Sociedad,Benfica,3,1,,,,,,
1890217,2023-11-08 20:00:00,Desconocido,Bayern Munich,Galatasaray,2,1,,,,,,
1890218,2023-11-08 20:00:00,Desconocido,FC Copenhagen,Manchester United,4,3,,,,,,
1890219,2023-11-08 20:00:00,Desconocido,Arsenal,Sevilla,2,0,,,,,,
1890220,2023-11-08 20:00:00,Desconocido,PSV Eindhoven,Lens,1,0,,,,,,
1890221,2023-11-08 20:00:00,Desconocido,Real Madrid,Braga,3,0,,,,,,
1890222,2023-11-08 20:00:00,Desconocido,SV Salzburg,Inter,0,1,,,,,,
1890223,2023-11-28 17:45:00,Desconocido,Lazio,Celtic,2,0,,,,,,
1890224,2023-11-28 17:45:00,Desconocido,Shakhtar Donetsk,Antwerp,1,0,,,,,,
1890225,2023-11-28 20:00:00,Desconocido,Feyenoord,Ath Madrid,1,3,,,,,,
1890226,2023-11-28 20:00:00,Desconocido,Paris SG,Newcastle,1,1,,,,,,
1890227,2023-11-28 20:00:00,Desconocido,Milan,Dortmund,1,3,,,,,,
1890228,2023-11-28 20:00:00,Desconocido,Manchester City,RasenBallsport Leipzig,3,2,,,,,,
1890229,2023-11-28 20:00:00,Desconocido,Young Boys,Crvena Zvezda,2,0,,,,,,
1890230,2023-11-28 20:00:00,Desconocido,Barcelona,FC Porto,2,1,,,,,,
1890231,2023-11-29 17:45:00,Desconocido,Galatasaray,Manchester United,3,3,,,,,,
1890232,2023-11-29 17:45:00,Desconocido,Sevilla,PSV Eindhoven,2,3,,,,,,
1890233,2023-11-29 20:00:00,Desconocido,Bayern Munich,FC Copenhagen,0,0,,,,,,
1890234,2023-11-29 20:00:00,Desconocido,Arsenal,Lens,6,0,,,,,,
1890235,2023-11-29 20:00:00,Desconocido,Real Madrid,Napoli,4,2,,,,,,
1890236,2023-11-29 20:00:00,Desconocido,Braga,Union Berlin,1,1,,,,,,
1890237,2023-11-29 20:00:00,Desconocido,Benfica,Inter,3,3,,,,,,
1890238,2023-11-29 20:00:00,Desconocido,Sociedad,SV Salzburg,0,0,,,,,,
1890239,2023-12-12 17:45:00,Desconocido,Lens,Sevilla,2,1,,,,,,
1890240,2023-12-12 17:45:00,Desconocido,PSV Eindhoven,Arsenal,1,1,,,,,,
1890241,2023-12-12 20:00:00,Desconocido,Manchester United,Bayern Munich,0,1,,,,,,
1890242,2023-12-12 20:00:00,Desconocido,FC Copenhagen,Galatasaray,1,0,,,,,,
1890243,2023-12-12 20:00:00,Desconocido,Napoli,Braga,2,0,,,,,,
1890244,2023-12-12 20:00:00,Desconocido,Union Berlin,Real Madrid,2,3,,,,,,
1890245,2023-12-12 20:00:00,Desconocido,Inter,Sociedad,0,0,,,,,,
1890246,2023-12-12 20:00:00,Desconocido,SV Salzburg,Benfica,1,3,,,,,,
1890247,2023-12-13 17:45:00,Desconocido,RasenBallsport Leipzig,Young Boys,2,1,,,,,,
1890248,2023-12-13 17:45:00,Desconocido,Crvena Zvezda,Manchester City,2,3,,,,,,
1890249,2023-12-13 20:00:00,Desconocido,Ath Madrid,Lazio,2,0,,,,,,
1890250,2023-12-13 20:00:00,Desconocido,Celtic,Feyenoord,2,1,,,,,,
1890251,2023-12-13 20:00:00,Desconocido,Dortmund,Paris SG,1,1,,,,,,
1890252,2023-12-13 20:00:00,Desconocido,Newcastle,Milan,1,2,,,,,,
1890253,2023-12-13 20:00:00,Desconocido,FC Porto,Shakhtar Donetsk,5,3,,,,,,
1890254,2023-12-13 20:00:00,Desconocido,Antwerp,Barcelona,3,2,,,,,,
1923460,2024-02-13 20:00:00,Desconocido,FC Copenhagen,Manchester City,1,3,,,,,,
1923461,2024-02-13 20:00:00,Desconocido,RasenBallsport Leipzig,Real Madrid,0,1,,,,,,
1923462,2024-02-14 20:00:00,Desconocido,Paris SG,Sociedad,2,0,,,,,,
1923463,2024-02-14 20:00:00,Desconocido,Lazio,Bayern Munich,1,0,,,,,,
1923464,2024-02-20 20:00:00,Desconocido,Inter,Ath Madrid,1,0,,,,,,
1923465,2024-02-20 20:00:00,Desconocido,PSV Eindhoven,Dortmund,1,1,,,,,,
1923466,2024-02-21 20:00:00,Desconocido,FC Porto,Arsenal,1,0,,,,,,
1923467,2024-02-21 20:00:00,Desconocido,Napoli,Barcelona,1,1,,,,,,
1923468,2024-03-05 20:00:00,Desconocido,Sociedad,Paris SG,1,2,,,,,,
1923469,2024-03-05 20:00:00,Desconocido,Bayern Munich,Lazio,3,0,,,,,,
1923470,2024-03-06 20:00:00,Desconocido,Manchester City,FC Copenhagen,3,1,,,,,,
1923471,2024-03-06 20:00:00,Desconocido,Real Madrid,RasenBallsport Leipzig,1,1,,,,,,
1923472,2024-03-12 20:00:00,Desconocido,Arsenal,FC Porto,1,0,,,,,,
1923473,2024-03-12 20:00:00,Desconocido,Barcelona,Napoli,3,1,,,,,,
1923474,2024-03-13 20:00:00,Desconocido,Ath Madrid,Inter,2,1,,,,,,
1923475,2024-03-13 20:00:00,Desconocido,Dortmund,PSV Eindhoven,2,0,,,,,,
1983399,2024-04-09 19:00:00,Desconocido,Arsenal,Bayern Munich,2,2,,,,,,
1983400,2024-04-09 19:00:00,Desconocido,Real Madrid,Manchester City,3,3,,,,,,
1983401,2024-04-10 19:00:00,Desconocido,Ath Madrid,Dortmund,2,1,,,,,,
1983402,2024-04-10 19:00:00,Desconocido,Paris SG,Barcelona,2,3,,,,,,
1983403,2024-04-16 19:00:00,Desconocido,Dortmund,Ath Madrid,4,2,,,,,,
1983404,2024-04-16 19:00:00,Desconocido,Barcelona,Paris SG,1,4,,,,,,
1983405,2024-04-17 19:00:00,Desconocido,Bayern Munich,Arsenal,1,0,,,,,,
1983406,2024-04-17 19:00:00,Desconocido,Manchester City,Real Madrid,1,1,,,,,,
2011520,2024-04-30 19:00:00,Desconocido,Bayern Munich,Real Madrid,2,2,,,,,,
2010774,2024-05-01 19:00:00,Desconocido,Dortmund,Paris SG,1,0,,,,,,
2010775,2024-05-07 19:00:00,Desconocido,Paris SG,Dortmund,0,1,,,,,,
2011521,2024-05-08 19:00:00,Desconocido,Real Madrid,Bayern Munich,2,1,,,,,,
2051166,2024-06-01 19:00:00,Desconocido,Dortmund,Real Madrid,0,2,,,,,,
2070235,2024-07-09 15:30:00,Desconocido,FK Panevėžys,HJK Helsinki,3,0,,,,,,
2070241,2024-07-09 16:45:00,Desconocido,Ħamrun Spartans,Lincoln Red Imps,0,1,,,,,,
2070244,2024-07-09 18:00:00,Desconocido,TNS,Dečić,3,0,,,,,,
2101372,2024-07-09 18:00:00,Desconocido,UE Santa Coloma,Ballkani,1,2,,,,,,
2070232,2024-07-09 18:45:00,Desconocido,Víkingur Reykjavik,Shamrock,0,0,,,,,,
2075993,2024-07-09 19:00:00,Desconocido,Virtus,FCSB,1,7,,,,,,
2070240,2024-07-10 15:00:00,Desconocido,Ordabasy Shymkent,Petrocub Hîncești,0,0,,,,,,
2070238,2024-07-10 16:00:00,Desconocido,FC Flora Tallin,Celje,0,5,,,,,,
2070231,2024-07-10 17:00:00,Desconocido,Slovan Bratislava,Struga,4,2,,,,,,
2070233,2024-07-10 17:00:00,Desconocido,Rīgas Futbola Skola,Larne,3,0,,,,,,
2070236,2024-07-10 18:00:00,Desconocido,KÍ Klaksvík,FC 03 Differdange,2,0,,,,,,
2070237,2024-07-10 18:00:00,Desconocido,Ludogorets Razgrad,Dinamo Batumi,3,1,,,,,,
2070243,2024-07-10 18:45:00,Desconocido,Dinamo Minsk,Pyunik Yerevan,0,0,,,,,,
2070242,2024-07-10 19:00:00,Desconocido,Borac Banja Luka,Egnatia,1,0,,,,,,
2113343,2024-07-16 14:30:00,Desconocido,Ballkani,UE Santa Coloma,1,2,,,,,,
2070249,2024-07-16 16:00:00,Desconocido,Pyunik Yerevan,Dinamo Minsk,0,1,,,,,,
2070251,2024-07-16 16:00:00,Desconocido,HJK Helsinki,FK Panevėžys,1,1,,,,,,
2070255,2024-07-16 16:00:00,Desconocido,Lincoln Red Imps,Ħamrun Spartans,0,1,,,,,,
2070253,2024-07-16 17:00:00,Desconocido,Celje,FC Flora Tallin,2,1,,,,,,
2075994,2024-07-16 17:30:00,Desconocido,FCSB,Virtus,4,0,,,,,,
2070248,2024-07-16 19:00:00,Desconocido,Shamrock,Víkingur Reykjavik,2,1,,,,,,
2070257,2024-07-16 19:00:00,Desconocido,Dečić,TNS,1,1,,,,,,
2070258,2024-07-17 15:00:00,Desconocido,Struga,Slovan Bratislava,1,2,,,,,,
2070245,2024-07-17 17:00:00,Desconocido,Dinamo Batumi,Ludogorets Razgrad,1,0,,,,,,
2070246,2024-07-17 17:00:00,Desconocido,Petrocub Hîncești,Ordabasy Shymkent,1,0,,,,,,
2070252,2024-07-17 17:00:00,Desconocido,FC 03 Differdange,KÍ Klaksvík,0,0,,,,,,
2070250,2024-07-17 19:00:00,Desconocido,Larne,Rīgas Futbola Skola,0,4,,,,,,
2070256,2024-07-17 19:00:00,Desconocido,Egnatia,Borac Banja Luka,2,1,,,,,,
2115208,2024-07-23 15:00:00,Desconocido,Bodoe/Glimt,Rīgas Futbola Skola,4,0,,,,,,
2115168,2024-07-23 15:30:00,Desconocido,FK Panevėžys,Jagiellonia Bialystok,0,4,,,,,,
2115167,2024-07-23 16:00:00,Desconocido,Lincoln Red Imps,Qarabag FK,0,2,,,,,,
2115211,2024-07-23 17:00:00,Desconocido,Apoel Nicosia,Petrocub Hîncești,1,0,,,,,,
2115212,2024-07-23 17:00:00,Desconocido,Malmo FF,KÍ Klaksvík,4,1,,,,,,
2115170,2024-07-23 17:30:00,Desconocido,FCSB,Maccabi Tel Aviv,1,1,,,,,,
2070818,2024-07-23 18:00:00,Desconocido,Dynamo Kiev,Partizan Belgrade,6,2,,,,,,
2115171,2024-07-23 18:00:00,Desconocido,UE Santa Coloma,FC Midtjylland,0,3,,,,,,
2115172,2024-07-23 18:00:00,Desconocido,Ferencvaros,TNS,5,0,,,,,,
2070817,2024-07-23 18:30:00,Desconocido,Lugano,Fenerbahce,3,4,,,,,,
2115169,2024-07-23 19:00:00,Desconocido,Shamrock,Sparta Prague,0,2,,,,,,
2115213,2024-07-24 17:30:00,Desconocido,PAOK,Borac Banja Luka,3,2,,,,,,
2115209,2024-07-24 18:00:00,Desconocido,Ludogorets Razgrad,Dinamo Minsk,2,0,,,,,,
2115210,2024-07-24 18:15:00,Desconocido,Celje,Slovan Bratislava,1,1,,,,,,
2115174,2024-07-30 16:00:00,Desconocido,Qarabag FK,Lincoln Red Imps,5,0,,,,,,
2070819,2024-07-30 17:00:00,Desconocido,Fenerbahce,Lugano,2,1,,,,,,
2115175,2024-07-30 17:00:00,Desconocido,Sparta Prague,Shamrock,4,2,,,,,,
2115217,2024-07-30 17:00:00,Desconocido,Petrocub Hîncești,Apoel Nicosia,1,1,,,,,,
2115173,2024-07-30 18:00:00,Desconocido,TNS,Ferencvaros,1,2,,,,,,
2115215,2024-07-30 18:30:00,Desconocido,Slovan Bratislava,Celje,5,0,,,,,,
2115218,2024-07-30 18:45:00,Desconocido,KÍ Klaksvík,Malmo FF,3,2,,,,,,
2115216,2024-07-31 17:00:00,Desconocido,Rīgas Futbola Skola,Bodoe/Glimt,1,3,,,,,,
2115176,2024-07-31 17:15:00,Desconocido,FC Midtjylland,UE Santa Coloma,1,0,,,,,,
2070820,2024-07-31 18:00:00,Desconocido,Partizan Belgrade,Dynamo Kiev,0,3,,,,,,
2115177,2024-07-31 18:00:00,Desconocido,Maccabi Tel Aviv,FCSB,0,1,,,,,,
2115178,2024-07-31 18:30:00,Desconocido,Jagiellonia Bialystok,FK Panevėžys,3,1,,,,,,
2115214,2024-07-31 18:45:00,Desconocido,Dinamo Minsk,Ludogorets Razgrad,1,0,,,,,,
2115219,2024-07-31 19:00:00,Desconocido,Borac Banja Luka,PAOK,0,1,,,,,,
2131833,2024-08-06 16:00:00,Desconocido,Qarabag FK,Ludogorets Razgrad,1,2,,,,,,
2131836,2024-08-06 17:00:00,Desconocido,Malmo FF,PAOK,2,2,,,,,,
2131835,2024-08-06 17:15:00,Desconocido,FC Midtjylland,Ferencvaros,2,0,,,,,,
2131831,2024-08-06 18:00:00,Desconocido,Dynamo Kiev,Rangers,1,1,,,,,,
2131834,2024-08-06 18:00:00,Desconocido,Sparta Prague,FCSB,1,1,,,,,,
2130327,2024-08-06 18:30:00,Desconocido,Lille,Fenerbahce,2,1,,,,,,
2118750,2024-08-06 18:45:00,Desconocido,Red Bull Salzburg,FC Twente,2,1,,,,,,
2118749,2024-08-07 17:00:00,Desconocido,Slavia Prague,Union Saint-Gilloise,3,1,,,,,,
2130326,2024-08-07 18:30:00,Desconocido,Slovan Bratislava,Apoel Nicosia,2,0,,,,,,
2131832,2024-08-07 18:45:00,Desconocido,Jagiellonia Bialystok,Bodoe/Glimt,0,1,,,,,,
2118752,2024-08-13 17:00:00,Desconocido,FC Twente,Red Bull Salzburg,3,3,,,,,,
2130328,2024-08-13 17:00:00,Desconocido,Apoel Nicosia,Slovan Bratislava,0,0,,,,,,
2130329,2024-08-13 17:00:00,Desconocido,Fenerbahce,Lille,1,1,,,,,,
2131838,2024-08-13 17:00:00,Desconocido,Bodoe/Glimt,Jagiellonia Bialystok,4,1,,,,,,
2131840,2024-08-13 17:30:00,Desconocido,PAOK,Malmo FF,3,4,,,,,,
2131839,2024-08-13 18:00:00,Desconocido,Ferencvaros,FC Midtjylland,1,1,,,,,,
2131842,2024-08-13 18:00:00,Desconocido,Ludogorets Razgrad,Qarabag FK,2,7,,,,,,
2118751,2024-08-13 18:30:00,Desconocido,Union Saint-Gilloise,Slavia Prague,0,1,,,,,,
2131841,2024-08-13 18:30:00,Desconocido,FCSB,Sparta Prague,2,3,,,,,,
2131837,2024-08-13 18:45:00,Desconocido,Rangers,Dynamo Kiev,0,2,,,,,,
2139786,2024-08-20 19:00:00,Desconocido,Dinamo Zagreb,Qarabag FK,3,0,,,,,,
2139788,2024-08-20 19:00:00,Desconocido,Lille,Slavia Prague,2,0,,,,,,
2139790,2024-08-20 19:00:00,Desconocido,Bodoe/Glimt,Crvena Zvezda,2,1,,,,,,
2135763,2024-08-21 19:00:00,Desconocido,Young Boys,Galatasaray,3,2,,,,,,
2139787,2024-08-21 19:00:00,Desconocido,Dynamo Kiev,Red Bull Salzburg,0,2,,,,,,
2139789,2024-08-21 19:00:00,Desconocido,Malmo FF,Sparta Prague,0,2,,,,,,
2139791,2024-08-21 19:00:00,Desconocido,FC Midtjylland,Slovan Bratislava,1,1,,,,,,
2135764,2024-08-27 19:00:00,Desconocido,Galatasaray,Young Boys,0,1,,,,,,
2139795,2024-08-27 19:00:00,Desconocido,Sparta Prague,Malmo FF,2,0,,,,,,
2139797,2024-08-27 19:00:00,Desconocido,Red Bull Salzburg,Dynamo Kiev,1,1,,,,,,
2139794,2024-08-28 16:45:00,Desconocido,Qarabag FK,Dinamo Zagreb,0,2,,,,,,
2139792,2024-08-28 19:00:00,Desconocido,Slovan Bratislava,FC Midtjylland,3,2,,,,,,
2139793,2024-08-28 19:00:00,Desconocido,Crvena Zvezda,Bodoe/Glimt,2,0,,,,,,
2139796,2024-08-28 19:00:00,Desconocido,Slavia Prague,Lille,2,1,,,,,,
2150340,2024-09-17 16:45:00,Desconocido,Juventus,PSV Eindhoven,3,1,,,,,,
2150341,2024-09-17 16:45:00,Desconocido,Young Boys,Aston Villa,0,3,,,,,,
2150342,2024-09-17 19:00:00,Desconocido,Bayern Munich,Dinamo Zagreb,9,2,,,,,,
2150343,2024-09-17 19:00:00,Desconocido,AC Milan,Liverpool,1,3,,,,,,
2150344,2024-09-17 19:00:00,Desconocido,Sporting CP,Lille,2,0,,,,,,
2150345,2024-09-17 19:00:00,Desconocido,Real Madrid,Stuttgart,3,1,,,,,,
2150346,2024-09-18 16:45:00,Desconocido,Bologna,Shakhtar Donetsk,0,0,,,,,,
2150347,2024-09-18 16:45:00,Desconocido,Sparta Prague,Red Bull Salzburg,3,0,,,,,,
2150348,2024-09-18 19:00:00,Desconocido,Celtic,Slovan Bratislava,5,1,,,,,,
2150349,2024-09-18 19:00:00,Desconocido,Club Brugge,Borussia Dortmund,0,3,,,,,,
2150350,2024-09-18 19:00:00,Desconocido,Manchester City,Inter Milan,0,0,,,,,,
2150351,2024-09-18 19:00:00,Desconocido,Paris SG,Girona,1,0,,,,,,
2150352,2024-09-19 16:45:00,Desconocido,Crvena Zvezda,Benfica,1,2,,,,,,
2150353,2024-09-19 16:45:00,Desconocido,Feyenoord,Bayer Leverkusen,0,4,,,,,,
2150354,2024-09-19 19:00:00,Desconocido,Atalanta,Arsenal,0,0,,,,,,
2150355,2024-09-19 19:00:00,Desconocido,Atletico Madrid,RB Leipzig,2,1,,,,,,
2150356,2024-09-19 19:00:00,Desconocido,Brest,Sturm Graz,2,1,,,,,,
2150357,2024-09-19 19:00:00,Desconocido,Monaco,Barcelona,2,1,,,,,,
2150358,2024-10-01 16:45:00,Desconocido,Red Bull Salzburg,Brest,0,4,,,,,,
2150359,2024-10-01 16:45:00,Desconocido,Stuttgart,Sparta Prague,1,1,,,,,,
2150360,2024-10-01 19:00:00,Desconocido,Barcelona,Young Boys,5,0,,,,,,
2150361,2024-10-01 19:00:00,Desconocido,Bayer Leverkusen,AC Milan,1,0,,,,,,
2150362,2024-10-01 19:00:00,Desconocido,Borussia Dortmund,Celtic,7,1,,,,,,
2150363,2024-10-01 19:00:00,Desconocido,Inter Milan,Crvena Zvezda,4,0,,,,,,
2150364,2024-10-01 19:00:00,Desconocido,PSV Eindhoven,Sporting CP,1,1,,,,,,
2150365,2024-10-01 19:00:00,Desconocido,Slovan Bratislava,Manchester City,0,4,,,,,,
2150366,2024-10-01 19:00:00,Desconocido,Arsenal,Paris SG,2,0,,,,,,
2150367,2024-10-02 16:45:00,Desconocido,Girona,Feyenoord,2,3,,,,,,
2150368,2024-10-02 16:45:00,Desconocido,Shakhtar Donetsk,Atalanta,0,3,,,,,,
2150369,2024-10-02 19:00:00,Desconocido,Aston Villa,Bayern Munich,1,0,,,,,,
2150370,2024-10-02 19:00:00,Desconocido,Benfica,Atletico Madrid,4,0,,,,,,
2150371,2024-10-02 19:00:00,Desconocido,Dinamo Zagreb,Monaco,2,2,,,,,,
2150372,2024-10-02 19:00:00,Desconocido,Lille,Real Madrid,1,0,,,,,,
2150373,2024-10-02 19:00:00,Desconocido,Liverpool,Bologna,2,0,,,,,,
2150374,2024-10-02 19:00:00,Desconocido,RB Leipzig,Juventus,2,3,,,,,,
2150375,2024-10-02 19:00:00,Desconocido,Sturm Graz,Club Brugge,0,1,,,,,,
2150376,2024-10-22 16:45:00,Desconocido,AC Milan,Club Brugge,3,1,,,,,,
2150377,2024-10-22 16:45:00,Desconocido,Monaco,Crvena Zvezda,5,1,,,,,,
2150378,2024-10-22 19:00:00,Desconocido,Aston Villa,Bologna,2,0,,,,,,
2150379,2024-10-22 19:00:00,Desconocido,Girona,Slovan Bratislava,2,0,,,,,,
2150380,2024-10-22 19:00:00,Desconocido,Juventus,Stuttgart,0,1,,,,,,
2150381,2024-10-22 19:00:00,Desconocido,Paris SG,PSV Eindhoven,1,1,,,,,,
2150382,2024-10-22 19:00:00,Desconocido,Sturm Graz,Sporting CP,0,2,,,,,,
2150383,2024-10-22 19:00:00,Desconocido,Arsenal,Shakhtar Donetsk,1,0,,,,,,
2150384,2024-10-22 19:00:00,Desconocido,Real Madrid,Borussia Dortmund,5,2,,,,,,
2150385,2024-10-23 16:45:00,Desconocido,Atalanta,Celtic,0,0,,,,,,
2150386,2024-10-23 16:45:00,Desconocido,Brest,Bayer Leverkusen,1,1,,,,,,
2150387,2024-10-23 19:00:00,Desconocido,Atletico Madrid,Lille,1,3,,,,,,
2150388,2024-10-23 19:00:00,Desconocido,Barcelona,Bayern Munich,4,1,,,,,,
2150389,2024-10-23 19:00:00,Desconocido,Benfica,Feyenoord,1,3,,,,,,
2150390,2024-10-23 19:00:00,Desconocido,Red Bull Salzburg,Dinamo Zagreb,0,2,,,,,,
2150391,2024-10-23 19:00:00,Desconocido,Manchester City,Sparta Prague,5,0,,,,,,
2150392,2024-10-23 19:00:00,Desconocido,RB Leipzig,Liverpool,0,1,,,,,,
2150393,2024-10-23 19:00:00,Desconocido,Young Boys,Inter Milan,0,1,,,,,,
2150394,2024-11-05 17:45:00,Desconocido,PSV Eindhoven,Girona,4,0,,,,,,
2150395,2024-11-05 17:45:00,Desconocido,Slovan Bratislava,Dinamo Zagreb,1,4,,,,,,
2150396,2024-11-05 20:00:00,Desconocido,Bologna,Monaco,0,1,,,,,,
2150397,2024-11-05 20:00:00,Desconocido,Borussia Dortmund,Sturm Graz,1,0,,,,,,
2150398,2024-11-05 20:00:00,Desconocido,Celtic,RB Leipzig,3,1,,,,,,
2150399,2024-11-05 20:00:00,Desconocido,Lille,Juventus,1,1,,,,,,
2150400,2024-11-05 20:00:00,Desconocido,Liverpool,Bayer Leverkusen,4,0,,,,,,
2150401,2024-11-05 20:00:00,Desconocido,Sporting CP,Manchester City,4,1,,,,,,
2150402,2024-11-05 20:00:00,Desconocido,Real Madrid,AC Milan,1,3,,,,,,
2150403,2024-11-06 17:45:00,Desconocido,Club Brugge,Aston Villa,1,0,,,,,,
2150404,2024-11-06 17:45:00,Desconocido,Shakhtar Donetsk,Young Boys,2,1,,,,,,
2150405,2024-11-06 20:00:00,Desconocido,Crvena Zvezda,Barcelona,2,5,,,,,,
2150406,2024-11-06 20:00:00,Desconocido,Bayern Munich,Benfica,1,0,,,,,,
2150407,2024-11-06 20:00:00,Desconocido,Feyenoord,Red Bull Salzburg,1,3,,,,,,
2150408,2024-11-06 20:00:00,Desconocido,Inter Milan,Arsenal,1,0,,,,,,
2150409,2024-11-06 20:00:00,Desconocido,Paris SG,Atletico Madrid,1,2,,,,,,
2150410,2024-11-06 20:00:00,Desconocido,Sparta Prague,Brest,1,2,,,,,,
2150411,2024-11-06 20:00:00,Desconocido,Stuttgart,Atalanta,0,2,,,,,,
2150412,2024-11-26 17:45:00,Desconocido,Slovan Bratislava,AC Milan,2,3,,,,,,
2150413,2024-11-26 17:45:00,Desconocido,Sparta Prague,Atletico Madrid,0,6,,,,,,
2150414,2024-11-26 20:00:00,Desconocido,Barcelona,Brest,3,0,,,,,,
2150415,2024-11-26 20:00:00,Desconocido,Bayer Leverkusen,Red Bull Salzburg,5,0,,,,,,
2150416,2024-11-26 20:00:00,Desconocido,Bayern Munich,Paris SG,1,0,,,,,,
2150417,2024-11-26 20:00:00,Desconocido,Inter Milan,RB Leipzig,1,0,,,,,,
2150418,2024-11-26 20:00:00,Desconocido,Manchester City,Feyenoord,3,3,,,,,,
2150419,2024-11-26 20:00:00,Desconocido,Sporting CP,Arsenal,1,5,,,,,,
2150420,2024-11-26 20:00:00,Desconocido,Young Boys,Atalanta,1,6,,,,,,
2150421,2024-11-27 17:45:00,Desconocido,Crvena Zvezda,Stuttgart,5,1,,,,,,
2150422,2024-11-27 17:45:00,Desconocido,Sturm Graz,Girona,1,0,,,,,,
2150423,2024-11-27 20:00:00,Desconocido,Aston Villa,Juventus,0,0,,,,,,
2150424,2024-11-27 20:00:00,Desconocido,Bologna,Lille,1,2,,,,,,
2150425,2024-11-27 20:00:00,Desconocido,Celtic,Club Brugge,1,1,,,,,,
2150426,2024-11-27 20:00:00,Desconocido,Dinamo Zagreb,Borussia Dortmund,0,3,,,,,,
2150427,2024-11-27 20:00:00,Desconocido,Liverpool,Real Madrid,2,0,,,,,,
2150428,2024-11-27 20:00:00,Desconocido,Monaco,Benfica,2,3,,,,,,
2150429,2024-11-27 20:00:00,Desconocido,PSV Eindhoven,Shakhtar Donetsk,3,2,,,,,,
2150430,2024-12-10 17:45:00,Desconocido,Dinamo Zagreb,Celtic,0,0,,,,,,
2150431,2024-12-10 17:45:00,Desconocido,Girona,Liverpool,0,1,,,,,,
2150432,2024-12-10 20:00:00,Desconocido,Atalanta,Real Madrid,2,3,,,,,,
2150433,2024-12-10 20:00:00,Desconocido,Bayer Leverkusen,Inter Milan,1,0,,,,,,
2150434,2024-12-10 20:00:00,Desconocido,Brest,PSV Eindhoven,1,0,,,,,,
2150435,2024-12-10 20:00:00,Desconocido,Club Brugge,Sporting CP,2,1,,,,,,
2150436,2024-12-10 20:00:00,Desconocido,Red Bull Salzburg,Paris SG,0,3,,,,,,
2150437,2024-12-10 20:00:00,Desconocido,RB Leipzig,Aston Villa,2,3,,,,,,
2150438,2024-12-10 20:00:00,Desconocido,Shakhtar Donetsk,Bayern Munich,1,5,,,,,,
2150439,2024-12-11 17:45:00,Desconocido,Atletico Madrid,Slovan Bratislava,3,1,,,,,,
2150440,2024-12-11 17:45:00,Desconocido,Lille,Sturm Graz,3,2,,,,,,
2150441,2024-12-11 20:00:00,Desconocido,Benfica,Bologna,0,0,,,,,,
2150442,2024-12-11 20:00:00,Desconocido,Borussia Dortmund,Barcelona,2,3,,,,,,
2150443,2024-12-11 20:00:00,Desconocido,Feyenoord,Sparta Prague,4,2,,,,,,
2150444,2024-12-11 20:00:00,Desconocido,Juventus,Manchester City,2,0,,,,,,
2150445,2024-12-11 20:00:00,Desconocido,AC Milan,Crvena Zvezda,2,1,,,,,,
2150446,2024-12-11 20:00:00,Desconocido,Stuttgart,Young Boys,5,1,,,,,,
2150447,2024-12-11 20:00:00,Desconocido,Arsenal,Monaco,3,0,,,,,,
2150448,2025-01-21 17:45:00,Desconocido,Atalanta,Sturm Graz,5,0,,,,,,
2150449,2025-01-21 17:45:00,Desconocido,Monaco,Aston Villa,1,0,,,,,,
2150450,2025-01-21 20:00:00,Desconocido,Atletico Madrid,Bayer Leverkusen,2,1,,,,,,
2150451,2025-01-21 20:00:00,Desconocido,Benfica,Barcelona,4,5,,,,,,
2150452,2025-01-21 20:00:00,Desconocido,Bologna,Borussia Dortmund,2,1,,,,,,
2150453,2025-01-21 20:00:00,Desconocido,Club Brugge,Juventus,0,0,,,,,,
2150454,2025-01-21 20:00:00,Desconocido,Crvena Zvezda,PSV Eindhoven,2,3,,,,,,
2150455,2025-01-21 20:00:00,Desconocido,Liverpool,Lille,2,1,,,,,,
2150456,2025-01-21 20:00:00,Desconocido,Slovan Bratislava,Stuttgart,1,3,,,,,,
2150457,2025-01-22 17:45:00,Desconocido,RB Leipzig,Sporting CP,2,1,,,,,,
2150458,2025-01-22 17:45:00,Desconocido,Shakhtar Donetsk,Brest,2,0,,,,,,
2150459,2025-01-22 20:00:00,Desconocido,Celtic,Young Boys,1,0,,,,,,
2150460,2025-01-22 20:00:00,Desconocido,Feyenoord,Bayern Munich,3,0,,,,,,
2150461,2025-01-22 20:00:00,Desconocido,AC Milan,Girona,1,0,,,,,,
2150462,2025-01-22 20:00:00,Desconocido,Paris SG,Manchester City,4,2,,,,,,
2150463,2025-01-22 20:00:00,Desconocido,Sparta Prague,Inter Milan,0,1,,,,,,
2150464,2025-01-22 20:00:00,Desconocido,Arsenal,Dinamo Zagreb,3,0,,,,,,
2150465,2025-01-22 20:00:00,Desconocido,Real Madrid,Red Bull Salzburg,5,1,,,,,,
2150466,2025-01-29 20:00:00,Desconocido,Aston Villa,Celtic,4,2,,,,,,
2150467,2025-01-29 20:00:00,Desconocido,Barcelona,Atalanta,2,2,,,,,,
2150468,2025-01-29 20:00:00,Desconocido,Bayer Leverkusen,Sparta Prague,2,0,,,,,,
2150469,2025-01-29 20:00:00,Desconocido,Borussia Dortmund,Shakhtar Donetsk,3,1,,,,,,
2150470,2025-01-29 20:00:00,Desconocido,Brest,Real Madrid,0,3,,,,,,
2150471,2025-01-29 20:00:00,Desconocido,Dinamo Zagreb,AC Milan,2,1,,,,,,
2150472,2025-01-29 20:00:00,Desconocido,Bayern Munich,Slovan Bratislava,3,1,,,,,,
2150473,2025-01-29 20:00:00,Desconocido,Red Bull Salzburg,Atletico Madrid,1,4,,,,,,
2150474,2025-01-29 20:00:00,Desconocido,Girona,Arsenal,1,2,,,,,,
2150475,2025-01-29 20:00:00,Desconocido,Inter Milan,Monaco,3,0,,,,,,
2150476,2025-01-29 20:00:00,Desconocido,Juventus,Benfica,0,2,,,,,,
2150477,2025-01-29 20:00:00,Desconocido,Lille,Feyenoord,6,1,,,,,,
2150478,2025-01-29 20:00:00,Desconocido,Manchester City,Club Brugge,3,1,,,,,,
2150479,2025-01-29 20:00:00,Desconocido,PSV Eindhoven,Liverpool,3,2,,,,,,
2150480,2025-01-29 20:00:00,Desconocido,Sturm Graz,RB Leipzig,1,0,,,,,,
2150481,2025-01-29 20:00:00,Desconocido,Sporting CP,Bologna,1,1,,,,,,
2150482,2025-01-29 20:00:00,Desconocido,Stuttgart,Paris SG,1,4,,,,,,
2150483,2025-01-29 20:00:00,Desconocido,Young Boys,Crvena Zvezda,0,1,,,,,,
2213856,2025-02-11 17:45:00,Desconocido,Brest,Paris SG,0,3,,,,,,
2213857,2025-02-11 20:00:00,Desconocido,Sporting CP,Borussia Dortmund,0,3,,,,,,
2213858,2025-02-11 20:00:00,Desconocido,Juventus,PSV Eindhoven,2,1,,,,,,
2213859,2025-02-11 20:00:00,Desconocido,Manchester City,Real Madrid,2,3,,,,,,
2213860,2025-02-12 17:45:00,Desconocido,Club Brugge,Atalanta,2,1,,,,,,
2213861,2025-02-12 20:00:00,Desconocido,Feyenoord,AC Milan,1,0,,,,,,
2213862,2025-02-12 20:00:00,Desconocido,Monaco,Benfica,0,1,,,,,,
2213863,2025-02-12 20:00:00,Desconocido,Celtic,Bayern Munich,1,2,,,,,,
2213864,2025-02-18 17:45:00,Desconocido,AC Milan,Feyenoord,1,1,,,,,,
2213865,2025-02-18 20:00:00,Desconocido,Atalanta,Club Brugge,1,3,,,,,,
2213866,2025-02-18 20:00:00,Desconocido,Benfica,Monaco,3,3,,,,,,
2213867,2025-02-18 20:00:00,Desconocido,Bayern Munich,Celtic,1,1,,,,,,
2213868,2025-02-19 17:45:00,Desconocido,Borussia Dortmund,Sporting CP,0,0,,,,,,
2213869,2025-02-19 20:00:00,Desconocido,Paris SG,Brest,7,0,,,,,,
2213870,2025-02-19 20:00:00,Desconocido,PSV Eindhoven,Juventus,3,1,,,,,,
2213871,2025-02-19 20:00:00,Desconocido,Real Madrid,Manchester City,3,1,,,,,,
2221816,2025-03-04 17:45:00,Desconocido,Club Brugge,Aston Villa,1,3,,,,,,
2221817,2025-03-04 20:00:00,Desconocido,Borussia Dortmund,Lille,1,1,,,,,,
2221818,2025-03-04 20:00:00,Desconocido,Real Madrid,Atletico Madrid,2,1,,,,,,
2221819,2025-03-04 20:00:00,Desconocido,PSV Eindhoven,Arsenal,1,7,,,,,,
2221820,2025-03-05 17:45:00,Desconocido,Feyenoord,Inter Milan,0,2,,,,,,
2221821,2025-03-05 20:00:00,Desconocido,Benfica,Barcelona,0,1,,,,,,
2221822,2025-03-05 20:00:00,Desconocido,Paris SG,Liverpool,0,1,,,,,,
2221823,2025-03-05 20:00:00,Desconocido,Bayern Munich,Bayer Leverkusen,3,0,,,,,,
2221824,2025-03-11 17:45:00,Desconocido,Barcelona,Benfica,3,1,,,,,,
2221825,2025-03-11 20:00:00,Desconocido,Inter Milan,Feyenoord,2,1,,,,,,
2221826,2025-03-11 20:00:00,Desconocido,Liverpool,Paris SG,0,1,,,,,,
2221827,2025-03-11 20:00:00,Desconocido,Bayer Leverkusen,Bayern Munich,0,2,,,,,,
2221828,2025-03-12 17:45:00,Desconocido,Lille,Borussia Dortmund,1,2,,,,,,
2221829,2025-03-12 20:00:00,Desconocido,Aston Villa,Club Brugge,3,0,,,,,,
2221830,2025-03-12 20:00:00,Desconocido,Atletico Madrid,Real Madrid,1,0,,,,,,
2221831,2025-03-12 20:00:00,Desconocido,Arsenal,PSV Eindhoven,2,2,,,,,,
2234309,2025-04-08 19:00:00,Desconocido,Bayern Munich,Inter Milan,1,2,,,,,,
2235775,2025-04-08 19:00:00,Desconocido,Arsenal,Real Madrid,3,0,,,,,,
2235774,2025-04-09 19:00:00,Desconocido,Paris SG,Aston Villa,3,1,,,,,,
2235776,2025-04-09 19:00:00,Desconocido,Barcelona,Borussia Dortmund,4,0,,,,,,
2235777,2025-04-15 19:00:00,Desconocido,Aston Villa,Paris SG,3,2,,,,,,
2235779,2025-04-15 19:00:00,Desconocido,Borussia Dortmund,Barcelona,3,1,,,,,,
2234310,2025-04-16 19:00:00,Desconocido,Inter Milan,Bayern Munich,2,2,,,,,,
2235778,2025-04-16 19:00:00,Desconocido,Real Madrid,Arsenal,1,2,,,,,,
2249831,2025-04-29 19:00:00,Desconocido,Arsenal,Paris SG,0,1,,,,,,
2249832,2025-04-30 19:00:00,Desconocido,Barcelona,Inter Milan,3,3,,,,,,
2249833,2025-05-06 19:00:00,Desconocido,Inter Milan,Barcelona,4,3,,,,,,
2249834,2025-05-07 19:00:00,Desconocido,Paris SG,Arsenal,2,1,,,,,,
2256965,2025-05-31 19:00:00,Desconocido,Paris SG,Inter Milan,5,0,,,,,,
2272328,2025-07-08 15:00:00,Desconocido,KuPS,Milsami Orhei,1,0,,,,,,
2272329,2025-07-08 16:00:00,Desconocido,Iberia 1999,Malmo FF,1,3,,,,,,
2272330,2025-07-08 16:00:00,Desconocido,Noah,Budućnost Podgorica,1,0,,,,,,
2272331,2025-07-08 16:30:00,Desconocido,Levadia Tallinn,RFS,0,1,,,,,,
2272332,2025-07-08 17:00:00,Desconocido,Olimpija Ljubljana,Kairat Almaty,1,1,,,,,,
2272333,2025-07-08 18:00:00,Desconocido,Drita,Differdange 03,1,0,,,,,,
2272334,2025-07-08 18:00:00,Desconocido,The New Saints,Shkëndija,0,0,,,,,,
2272335,2025-07-08 18:00:00,Desconocido,Víkingur Gøta,Lincoln Red Imps,2,3,,,,,,
2272336,2025-07-08 19:00:00,Desconocido,Virtus,Zrinjski Mostar,0,2,,,,,,
2272337,2025-07-08 19:00:00,Desconocido,Egnatia,Breiðablik,1,0,,,,,,
2272338,2025-07-09 16:00:00,Desconocido,Žalgiris Vilnius,Ħamrun Spartans,2,0,,,,,,
2272339,2025-07-09 17:30:00,Desconocido,Ludogorets Razgrad,Dinamo Minsk,1,0,,,,,,
2272340,2025-07-09 17:30:00,Desconocido,FCSB,Inter Club d'Escaldes,3,1,,,,,,
2272341,2025-07-09 18:45:00,Desconocido,Shelbourne,Linfield,1,0,,,,,,
2272342,2025-07-15 15:00:00,Desconocido,Kairat Almaty,Olimpija Ljubljana,2,0,,,,,,
2272343,2025-07-15 15:30:00,Desconocido,Lincoln Red Imps,Víkingur Gøta,1,0,,,,,,
2272344,2025-07-15 17:00:00,Desconocido,RFS,Levadia Tallinn,1,0,,,,,,
2272345,2025-07-15 17:00:00,Desconocido,Malmo FF,Iberia 1999,3,1,,,,,,
2272346,2025-07-15 17:00:00,Desconocido,Milsami Orhei,KuPS,0,0,,,,,,
2272347,2025-07-15 17:00:00,Desconocido,Ħamrun Spartans,Žalgiris Vilnius,2,0,,,,,,
2272348,2025-07-15 18:00:00,Desconocido,Differdange 03,Drita,2,3,,,,,,
2272349,2025-07-15 18:00:00,Desconocido,Shkëndija,The New Saints,2,1,,,,,,
2272350,2025-07-15 18:30:00,Desconocido,Inter Club d'Escaldes,FCSB,2,1,,,,,,
2272351,2025-07-15 19:00:00,Desconocido,Zrinjski Mostar,Virtus,2,1,,,,,,
2272352,2025-07-15 19:00:00,Desconocido,Breiðablik,Egnatia,5,0,,,,,,
2272353,2025-07-15 19:00:00,Desconocido,Budućnost Podgorica,Noah,2,2,,,,,,
2272354,2025-07-16 18:45:00,Desconocido,Dinamo Minsk,Ludogorets Razgrad,2,2,,,,,,
2272355,2025-07-16 18:45:00,Desconocido,Linfield,Shelbourne,1,1,,,,,,
2291175,2025-07-22 15:00:00,Desconocido,KuPS,Kairat Almaty,2,0,,,,,,
2291176,2025-07-22 16:00:00,Desconocido,Noah,Ferencváros,1,2,,,,,,
2291177,2025-07-22 16:00:00,Desconocido,Lincoln Red Imps,Crvena Zvezda,0,1,,,,,,
2272356,2025-07-22 17:00:00,Desconocido,Viktoria Plzeň,Servette,0,1,,,,,,
2272357,2025-07-22 17:00:00,Desconocido,Pafos,Maccabi Tel Aviv,1,1,,,,,,
2291178,2025-07-22 17:00:00,Desconocido,Ħamrun Spartans,Dynamo Kyiv,0,3,,,,,,
2291179,2025-07-22 17:00:00,Desconocido,FC Copenhagen,Drita,2,0,,,,,,
2291180,2025-07-22 17:00:00,Desconocido,RFS,Malmo FF,1,4,,,,,,
2291182,2025-07-22 18:00:00,Desconocido,Shkëndija,FCSB,1,0,,,,,,
2291183,2025-07-22 18:15:00,Desconocido,Slovan Bratislava,Zrinjski Mostar,4,0,,,,,,
2291184,2025-07-22 18:30:00,Desconocido,Lech Poznań,Breiðablik,7,1,,,,,,
2272358,2025-07-22 18:45:00,Desconocido,Rangers,Panathinaikos,2,0,,,,,,
2291185,2025-07-22 18:45:00,Desconocido,Rijeka,Ludogorets Razgrad,0,0,,,,,,
2272359,2025-07-23 17:00:00,Desconocido,Brann,Red Bull Salzburg,1,4,,,,,,
2291181,2025-07-23 18:45:00,Desconocido,Shelbourne,Qarabağ,0,3,,,,,,
2291186,2025-07-29 15:00:00,Desconocido,Kairat Almaty,KuPS,3,0,,,,,,
2291188,2025-07-29 18:00:00,Desconocido,Drita,FC Copenhagen,0,1,,,,,,
2291189,2025-07-29 18:00:00,Desconocido,Dynamo Kyiv,Ħamrun Spartans,3,0,,,,,,
2291190,2025-07-29 19:00:00,Desconocido,Crvena Zvezda,Lincoln Red Imps,5,1,,,,,,
2291191,2025-07-29 19:00:00,Desconocido,Zrinjski Mostar,Slovan Bratislava,2,2,,,,,,
2291192,2025-07-30 16:00:00,Desconocido,Qarabağ,Shelbourne,1,0,,,,,,
2291193,2025-07-30 17:00:00,Desconocido,Malmo FF,RFS,1,0,,,,,,
2291187,2025-07-30 17:30:00,Desconocido,Ludogorets Razgrad,Rijeka,3,1,,,,,,
2291194,2025-07-30 17:30:00,Desconocido,FCSB,Shkëndija,1,2,,,,,,
2272360,2025-07-30 18:00:00,Desconocido,Maccabi Tel Aviv,Pafos,0,1,,,,,,
2272361,2025-07-30 18:00:00,Desconocido,Panathinaikos,Rangers,1,1,,,,,,
2291195,2025-07-30 18:00:00,Desconocido,Ferencváros,Noah,4,3,,,,,,
2291196,2025-07-30 18:30:00,Desconocido,Breiðablik,Lech Poznań,0,1,,,,,,
2272362,2025-07-30 18:45:00,Desconocido,Red Bull Salzburg,Brann,1,1,,,,,,
2272363,2025-07-30 19:00:00,Desconocido,Servette,Viktoria Plzeň,1,3,,,,,,
2298893,2025-08-05 17:00:00,Desconocido,Malmo FF,FC Copenhagen,0,0,,,,,,
2298894,2025-08-05 18:00:00,Desconocido,Shkëndija,Qarabağ,0,1,,,,,,
2298895,2025-08-05 18:00:00,Desconocido,Dynamo Kyiv,Pafos,0,1,,,,,,
2298896,2025-08-05 18:45:00,Desconocido,Rangers,Viktoria Plzeň,3,0,,,,,,
2297598,2025-08-06 15:00:00,Desconocido,Kairat Almaty,Slovan Bratislava,1,0,,,,,,
2298897,2025-08-06 17:00:00,Desconocido,Red Bull Salzburg,Club Brugge,0,1,,,,,,
2298898,2025-08-06 17:30:00,Desconocido,Ludogorets Razgrad,Ferencváros,0,0,,,,,,
2298899,2025-08-06 18:30:00,Desconocido,Lech Poznań,Crvena Zvezda,1,3,,,,,,
2295588,2025-08-06 19:00:00,Desconocido,Feyenoord,Fenerbahçe,2,1,,,,,,
2295589,2025-08-06 19:00:00,Desconocido,Nice,Benfica,0,2,,,,,,
2298900,2025-08-12 16:00:00,Desconocido,Qarabağ,Shkëndija,5,1,,,,,,
2295590,2025-08-12 17:00:00,Desconocido,Fenerbahçe,Feyenoord,5,2,,,,,,
2298901,2025-08-12 17:00:00,Desconocido,Pafos,Dynamo Kyiv,2,0,,,,,,
2298902,2025-08-12 17:00:00,Desconocido,Viktoria Plzeň,Rangers,2,1,,,,,,
2298904,2025-08-12 17:00:00,Desconocido,FC Copenhagen,Malmo FF,5,0,,,,,,
2298903,2025-08-12 17:30:00,Desconocido,Club Brugge,Red Bull Salzburg,3,2,,,,,,
2297599,2025-08-12 18:15:00,Desconocido,Slovan Bratislava,Kairat Almaty,1,0,,,,,,
2298905,2025-08-12 18:15:00,Desconocido,Ferencváros,Ludogorets Razgrad,3,0,,,,,,
2295591,2025-08-12 19:00:00,Desconocido,Benfica,Nice,2,0,,,,,,
2298906,2025-08-12 19:00:00,Desconocido,Crvena Zvezda,Lech Poznań,1,1,,,,,,
2310357,2025-08-19 19:00:00,Desconocido,Ferencváros,Qarabağ,1,3,,,,,,
2310358,2025-08-19 19:00:00,Desconocido,Crvena Zvezda,Pafos,1,2,,,,,,
2310359,2025-08-19 19:00:00,Desconocido,Rangers,Club Brugge,1,3,,,,,,
2304556,2025-08-20 19:00:00,Desconocido,Bodø/Glimt,Sturm Graz,5,0,,,,,,
2310360,2025-08-20 19:00:00,Desconocido,Basel,FC Copenhagen,1,1,,,,,,
2310361,2025-08-20 19:00:00,Desconocido,Fenerbahçe,Benfica,0,0,,,,,,
2310362,2025-08-20 19:00:00,Desconocido,Celtic,Kairat Almaty,0,0,,,,,,
2310363,2025-08-26 16:45:00,Desconocido,Kairat Almaty,Celtic,0,0,,,,,,
2304557,2025-08-26 19:00:00,Desconocido,Sturm Graz,Bodø/Glimt,2,1,,,,,,
2310364,2025-08-26 19:00:00,Desconocido,Pafos,Crvena Zvezda,1,1,,,,,,
2310365,2025-08-27 16:45:00,Desconocido,Qarabağ,Ferencváros,2,3,,,,,,
2310366,2025-08-27 19:00:00,Desconocido,FC Copenhagen,Basel,2,0,,,,,,
2310367,2025-08-27 19:00:00,Desconocido,Club Brugge,Rangers,6,0,,,,,,
2310368,2025-08-27 19:00:00,Desconocido,Benfica,Fenerbahçe,1,0,,,,,,
2328005,2025-09-16 16:45:00,Desconocido,PSV Eindhoven,Union Saint-Gilloise,1,3,,,,,,
2328006,2025-09-16 16:45:00,Desconocido,Athletic Bilbao,Arsenal,0,2,,,,,,
2328007,2025-09-16 19:00:00,Desconocido,Juventus,Borussia Dortmund,4,4,,,,,,
2328008,2025-09-16 19:00:00,Desconocido,Tottenham Hotspur,Villarreal,1,0,,,,,,
2328009,2025-09-16 19:00:00,Desconocido,Real Madrid,Marseille,2,1,,,,,,
2328010,2025-09-16 19:00:00,Desconocido,Benfica,Qarabağ,2,3,,,,,,
2328011,2025-09-17 16:45:00,Desconocido,Olympiacos,Pafos,0,0,,,,,,
2328012,2025-09-17 16:45:00,Desconocido,Slavia Prague,Bodø/Glimt,2,2,,,,,,
2328013,2025-09-17 19:00:00,Desconocido,Ajax,Inter Milan,0,2,,,,,,
2328014,2025-09-17 19:00:00,Desconocido,Paris SG,Atalanta,4,0,,,,,,
2328015,2025-09-17 19:00:00,Desconocido,Liverpool,Atlético Madrid,3,2,,,,,,
2328016,2025-09-17 19:00:00,Desconocido,Bayern Munich,Chelsea,3,1,,,,,,
2328017,2025-09-18 16:45:00,Desconocido,Club Brugge,Monaco,4,1,,,,,,
2328018,2025-09-18 16:45:00,Desconocido,FC Copenhagen,Bayer Leverkusen,2,2,,,,,,
2328019,2025-09-18 19:00:00,Desconocido,Eintracht Frankfurt,Galatasaray,5,1,,,,,,
2328020,2025-09-18 19:00:00,Desconocido,Sporting CP,Kairat Almaty,4,1,,,,,,
2328021,2025-09-18 19:00:00,Desconocido,Newcastle United,Barcelona,1,2,,,,,,
2328022,2025-09-18 19:00:00,Desconocido,Manchester City,Napoli,2,0,,,,,,
2328023,2025-09-30 16:45:00,Desconocido,Kairat Almaty,Real Madrid,0,5,,,,,,
2328024,2025-09-30 16:45:00,Desconocido,Atalanta,Club Brugge,2,1,,,,,,
2328025,2025-09-30 19:00:00,Desconocido,Atlético Madrid,Eintracht Frankfurt,5,1,,,,,,
2328026,2025-09-30 19:00:00,Desconocido,Marseille,Ajax,4,0,,,,,,
2328027,2025-09-30 19:00:00,Desconocido,Chelsea,Benfica,1,0,,,,,,
2328028,2025-09-30 19:00:00,Desconocido,Inter Milan,Slavia Prague,3,0,,,,,,
2328029,2025-09-30 19:00:00,Desconocido,Bodø/Glimt,Tottenham Hotspur,2,2,,,,,,
2328030,2025-09-30 19:00:00,Desconocido,Pafos,Bayern Munich,1,5,,,,,,
2328031,2025-09-30 19:00:00,Desconocido,Galatasaray,Liverpool,1,0,,,,,,
2328032,2025-10-01 16:45:00,Desconocido,Qarabağ,FC Copenhagen,2,0,,,,,,
2328033,2025-10-01 16:45:00,Desconocido,Union Saint-Gilloise,Newcastle United,0,4,,,,,,
2328034,2025-10-01 19:00:00,Desconocido,Borussia Dortmund,Athletic Bilbao,4,1,,,,,,
2328035,2025-10-01 19:00:00,Desconocido,Barcelona,Paris SG,1,2,,,,,,
2328036,2025-10-01 19:00:00,Desconocido,Monaco,Manchester City,2,2,,,,,,
2328037,2025-10-01 19:00:00,Desconocido,Arsenal,Olympiacos,2,0,,,,,,
2328038,2025-10-01 19:00:00,Desconocido,Napoli,Sporting CP,2,1,,,,,,
2328039,2025-10-01 19:00:00,Desconocido,Bayer Leverkusen,PSV Eindhoven,1,1,,,,,,
2328040,2025-10-01 19:00:00,Desconocido,Villarreal,Juventus,2,2,,,,,,
2328041,2025-10-21 16:45:00,Desconocido,Kairat Almaty,Pafos,0,0,,,,,,
2328042,2025-10-21 16:45:00,Desconocido,Barcelona,Olympiacos,6,1,,,,,,
2328043,2025-10-21 19:00:00,Desconocido,Union Saint-Gilloise,Inter Milan,0,4,,,,,,
2328044,2025-10-21 19:00:00,Desconocido,PSV Eindhoven,Napoli,6,2,,,,,,
2328045,2025-10-21 19:00:00,Desconocido,Bayer Leverkusen,Paris SG,2,7,,,,,,
2328046,2025-10-21 19:00:00,Desconocido,Arsenal,Atlético Madrid,4,0,,,,,,
2328047,2025-10-21 19:00:00,Desconocido,FC Copenhagen,Borussia Dortmund,2,4,,,,,,
2328048,2025-10-21 19:00:00,Desconocido,Villarreal,Manchester City,0,2,,,,,,
2328049,2025-10-21 19:00:00,Desconocido,Newcastle United,Benfica,3,0,,,,,,
2328050,2025-10-22 16:45:00,Desconocido,Galatasaray,Bodø/Glimt,3,1,,,,,,
2328051,2025-10-22 16:45:00,Desconocido,Athletic Bilbao,Qarabağ,3,1,,,,,,
2328052,2025-10-22 19:00:00,Desconocido,Monaco,Tottenham Hotspur,0,0,,,,,,
2328053,2025-10-22 19:00:00,Desconocido,Real Madrid,Juventus,1,0,,,,,,
2328054,2025-10-22 19:00:00,Desconocido,Eintracht Frankfurt,Liverpool,1,5,,,,,,
2328055,2025-10-22 19:00:00,Desconocido,Chelsea,Ajax,5,1,,,,,,
2328056,2025-10-22 19:00:00,Desconocido,Atalanta,Slavia Prague,0,0,,,,,,
2328057,2025-10-22 19:00:00,Desconocido,Sporting CP,Marseille,2,1,,,,,,
2328058,2025-10-22 19:00:00,Desconocido,Bayern Munich,Club Brugge,4,0,,,,,,
2328059,2025-11-04 17:45:00,Desconocido,Napoli,Eintracht Frankfurt,0,0,,,,,,
2328060,2025-11-04 17:45:00,Desconocido,Slavia Prague,Arsenal,0,3,,,,,,
2328061,2025-11-04 20:00:00,Desconocido,Tottenham Hotspur,FC Copenhagen,4,0,,,,,,
2328062,2025-11-04 20:00:00,Desconocido,Liverpool,Real Madrid,1,0,,,,,,
2328063,2025-11-04 20:00:00,Desconocido,Olympiacos,PSV Eindhoven,1,1,,,,,,
2328064,2025-11-04 20:00:00,Desconocido,Atlético Madrid,Union Saint-Gilloise,3,1,,,,,,
2328065,2025-11-04 20:00:00,Desconocido,Bodø/Glimt,Monaco,0,1,,,,,,
2328066,2025-11-04 20:00:00,Desconocido,Paris SG,Bayern Munich,1,2,,,,,,
2328067,2025-11-04 20:00:00,Desconocido,Juventus,Sporting CP,1,1,,,,,,
2328068,2025-11-05 17:45:00,Desconocido,Qarabağ,Chelsea,2,2,,,,,,
2328069,2025-11-05 17:45:00,Desconocido,Pafos,Villarreal,1,0,,,,,,
2328070,2025-11-05 20:00:00,Desconocido,Manchester City,Borussia Dortmund,4,1,,,,,,
2328071,2025-11-05 20:00:00,Desconocido,Club Brugge,Barcelona,3,3,,,,,,
2328072,2025-11-05 20:00:00,Desconocido,Ajax,Galatasaray,0,3,,,,,,
2328073,2025-11-05 20:00:00,Desconocido,Newcastle United,Athletic Bilbao,2,0,,,,,,
2328074,2025-11-05 20:00:00,Desconocido,Benfica,Bayer Leverkusen,0,1,,,,,,
2328075,2025-11-05 20:00:00,Desconocido,Inter Milan,Kairat Almaty,2,1,,,,,,
2328076,2025-11-05 20:00:00,Desconocido,Marseille,Atalanta,0,1,,,,,,
2328077,2025-11-25 17:45:00,Desconocido,Ajax,Benfica,0,2,,,,,,
2328078,2025-11-25 17:45:00,Desconocido,Galatasaray,Union Saint-Gilloise,0,1,,,,,,
2328079,2025-11-25 20:00:00,Desconocido,Manchester City,Bayer Leverkusen,0,2,,,,,,
2328080,2025-11-25 20:00:00,Desconocido,Marseille,Newcastle United,2,1,,,,,,
2328081,2025-11-25 20:00:00,Desconocido,Chelsea,Barcelona,3,0,,,,,,
2328082,2025-11-25 20:00:00,Desconocido,Napoli,Qarabağ,2,0,,,,,,
2328083,2025-11-25 20:00:00,Desconocido,Borussia Dortmund,Villarreal,4,0,,,,,,
2328084,2025-11-25 20:00:00,Desconocido,Slavia Prague,Athletic Bilbao,0,0,,,,,,
2328085,2025-11-25 20:00:00,Desconocido,Bodø/Glimt,Juventus,2,3,,,,,,
2328086,2025-11-26 17:45:00,Desconocido,FC Copenhagen,Kairat Almaty,3,2,,,,,,
2328087,2025-11-26 17:45:00,Desconocido,Pafos,Monaco,2,2,,,,,,
2328088,2025-11-26 20:00:00,Desconocido,Olympiacos,Real Madrid,3,4,,,,,,
2328089,2025-11-26 20:00:00,Desconocido,Atlético Madrid,Inter Milan,2,1,,,,,,
2328090,2025-11-26 20:00:00,Desconocido,Paris SG,Tottenham Hotspur,5,3,,,,,,
2328091,2025-11-26 20:00:00,Desconocido,Sporting CP,Club Brugge,3,0,,,,,,
2328092,2025-11-26 20:00:00,Desconocido,Arsenal,Bayern Munich,3,1,,,,,,
2328093,2025-11-26 20:00:00,Desconocido,Eintracht Frankfurt,Atalanta,0,3,,,,,,
2328094,2025-11-26 20:00:00,Desconocido,Liverpool,PSV Eindhoven,1,4,,,,,,
2328095,2025-12-09 15:30:00,Desconocido,Kairat Almaty,Olympiacos,0,1,,,,,,
2328096,2025-12-09 17:45:00,Desconocido,Bayern Munich,Sporting CP,3,1,,,,,,
2328097,2025-12-09 20:00:00,Desconocido,Barcelona,Eintracht Frankfurt,2,1,,,,,,
2328098,2025-12-09 20:00:00,Desconocido,Inter Milan,Liverpool,0,1,,,,,,
2328099,2025-12-09 20:00:00,Desconocido,Atalanta,Chelsea,2,1,,,,,,
2328100,2025-12-09 20:00:00,Desconocido,Union Saint-Gilloise,Marseille,2,3,,,,,,
2328101,2025-12-09 20:00:00,Desconocido,Monaco,Galatasaray,1,0,,,,,,
2328102,2025-12-09 20:00:00,Desconocido,Tottenham Hotspur,Slavia Prague,3,0,,,,,,
2328103,2025-12-09 20:00:00,Desconocido,PSV Eindhoven,Atlético Madrid,2,3,,,,,,
2328104,2025-12-10 17:45:00,Desconocido,Villarreal,FC Copenhagen,2,3,,,,,,
2328105,2025-12-10 17:45:00,Desconocido,Qarabağ,Ajax,2,4,,,,,,
2328106,2025-12-10 20:00:00,Desconocido,Real Madrid,Manchester City,1,2,,,,,,
2328107,2025-12-10 20:00:00,Desconocido,Athletic Bilbao,Paris SG,0,0,,,,,,
2328108,2025-12-10 20:00:00,Desconocido,Club Brugge,Arsenal,0,3,,,,,,
2328109,2025-12-10 20:00:00,Desconocido,Bayer Leverkusen,Newcastle United,2,2,,,,,,
2328110,2025-12-10 20:00:00,Desconocido,Juventus,Pafos,2,0,,,,,,
2328111,2025-12-10 20:00:00,Desconocido,Borussia Dortmund,Bodø/Glimt,2,2,,,,,,
2328112,2025-12-10 20:00:00,Desconocido,Benfica,Napoli,2,0,,,,,,
2328113,2026-01-20 15:30:00,Desconocido,Kairat Almaty,Club Brugge,1,4,,,,,,
2328114,2026-01-20 17:45:00,Desconocido,Bodø/Glimt,Manchester City,3,1,,,,,,
2328115,2026-01-20 20:00:00,Desconocido,Real Madrid,Monaco,6,1,,,,,,
2328116,2026-01-20 20:00:00,Desconocido,Sporting CP,Paris SG,2,1,,,,,,
2328117,2026-01-20 20:00:00,Desconocido,FC Copenhagen,Napoli,1,1,,,,,,
2328118,2026-01-20 20:00:00,Desconocido,Villarreal,Ajax,1,2,,,,,,
2328119,2026-01-20 20:00:00,Desconocido,Olympiacos,Bayer Leverkusen,2,0,,,,,,
2328120,2026-01-20 20:00:00,Desconocido,Tottenham Hotspur,Borussia Dortmund,2,0,,,,,,
2328121,2026-01-20 20:00:00,Desconocido,Inter Milan,Arsenal,1,3,,,,,,
2328122,2026-01-21 17:45:00,Desconocido,Galatasaray,Atlético Madrid,1,1,,,,,,
2328123,2026-01-21 17:45:00,Desconocido,Qarabağ,Eintracht Frankfurt,3,2,,,,,,
2328124,2026-01-21 20:00:00,Desconocido,Slavia Prague,Barcelona,2,4,,,,,,
2328125,2026-01-21 20:00:00,Desconocido,Atalanta,Athletic Bilbao,2,3,,,,,,
2328126,2026-01-21 20:00:00,Desconocido,Juventus,Benfica,2,0,,,,,,
2328127,2026-01-21 20:00:00,Desconocido,Chelsea,Pafos,1,0,,,,,,
2328128,2026-01-21 20:00:00,Desconocido,Newcastle United,PSV Eindhoven,3,0,,,,,,
2328129,2026-01-21 20:00:00,Desconocido,Bayern Munich,Union Saint-Gilloise,2,0,,,,,,
2328130,2026-01-21 20:00:00,Desconocido,Marseille,Liverpool,0,3,,,,,,
2328131,2026-01-28 20:00:00,Desconocido,Napoli,Chelsea,2,3,,,,,,
2328132,2026-01-28 20:00:00,Desconocido,Borussia Dortmund,Inter Milan,0,2,,,,,,
2328133,2026-01-28 20:00:00,Desconocido,Monaco,Juventus,0,0,,,,,,
2328134,2026-01-28 20:00:00,Desconocido,Paris SG,Newcastle United,1,1,,,,,,
2328135,2026-01-28 20:00:00,Desconocido,Eintracht Frankfurt,Tottenham Hotspur,0,2,,,,,,
2328136,2026-01-28 20:00:00,Desconocido,Pafos,Slavia Prague,4,1,,,,,,
2328137,2026-01-28 20:00:00,Desconocido,Atlético Madrid,Bodø/Glimt,1,2,,,,,,
2328138,2026-01-28 20:00:00,Desconocido,Manchester City,Galatasaray,2,0,,,,,,
2328139,2026-01-28 20:00:00,Desconocido,PSV Eindhoven,Bayern Munich,1,2,,,,,,
2328140,2026-01-28 20:00:00,Desconocido,Bayer Leverkusen,Villarreal,3,0,,,,,,
2328141,2026-01-28 20:00:00,Desconocido,Athletic Bilbao,Sporting CP,2,3,,,,,,
2328142,2026-01-28 20:00:00,Desconocido,Ajax,Olympiacos,1,2,,,,,,
2328143,2026-01-28 20:00:00,Desconocido,Union Saint-Gilloise,Atalanta,1,0,,,,,,
2328144,2026-01-28 20:00:00,Desconocido,Arsenal,Kairat Almaty,3,2,,,,,,
2328145,2026-01-28 20:00:00,Desconocido,Liverpool,Qarabağ,6,0,,,,,,
2328146,2026-01-28 20:00:00,Desconocido,Barcelona,FC Copenhagen,4,1,,,,,,
2328147,2026-01-28 20:00:00,Desconocido,Benfica,Real Madrid,4,2,,,,,,
2328148,2026-01-28 20:00:00,Desconocido,Club Brugge,Marseille,3,0,,,,,,
2425766,2026-02-17 17:45:00,Desconocido,Galatasaray,Juventus,5,2,,,,,,
2425767,2026-02-17 20:00:00,Desconocido,Benfica,Real Madrid,0,1,,,,,,
2425768,2026-02-17 20:00:00,Desconocido,Borussia Dortmund,Atalanta,2,0,,,,,,
2425769,2026-02-17 20:00:00,Desconocido,Monaco,Paris SG,2,3,,,,,,
2425770,2026-02-18 17:45:00,Desconocido,Qarabağ,Newcastle United,1,6,,,,,,
2425771,2026-02-18 20:00:00,Desconocido,Bodø/Glimt,Inter Milan,3,1,,,,,,
2425772,2026-02-18 20:00:00,Desconocido,Club Brugge,Atlético Madrid,3,3,,,,,,
2425773,2026-02-18 20:00:00,Desconocido,Olympiacos,Bayer Leverkusen,0,2,,,,,,
2425774,2026-02-24 17:45:00,Desconocido,Atlético Madrid,Club Brugge,4,1,,,,,,
2425775,2026-02-24 20:00:00,Desconocido,Bayer Leverkusen,Olympiacos,0,0,,,,,,
2425776,2026-02-24 20:00:00,Desconocido,Inter Milan,Bodø/Glimt,1,2,,,,,,
2425777,2026-02-24 20:00:00,Desconocido,Newcastle United,Qarabağ,3,2,,,,,,
2425778,2026-02-25 17:45:00,Desconocido,Atalanta,Borussia Dortmund,4,1,,,,,,
2425779,2026-02-25 20:00:00,Desconocido,Juventus,Galatasaray,3,2,,,,,,
2425780,2026-02-25 20:00:00,Desconocido,Paris SG,Monaco,2,2,,,,,,
2425781,2026-02-25 20:00:00,Desconocido,Real Madrid,Benfica,2,1,,,,,,
2440244,2026-03-10 17:45:00,Desconocido,Galatasaray,Liverpool,1,0,,,,,,
2440242,2026-03-10 20:00:00,Desconocido,Newcastle United,Barcelona,1,1,,,,,,
2440246,2026-03-10 20:00:00,Desconocido,Atlético Madrid,Tottenham Hotspur,5,2,,,,,,
2440247,2026-03-10 20:00:00,Desconocido,Atalanta,Bayern Munich,1,6,,,,,,
2440245,2026-03-11 17:45:00,Desconocido,Bayer Leverkusen,Arsenal,1,1,,,,,,
2440241,2026-03-11 20:00:00,Desconocido,Real Madrid,Manchester City,3,0,,,,,,
2440243,2026-03-11 20:00:00,Desconocido,Paris SG,Chelsea,5,2,,,,,,
2440248,2026-03-11 20:00:00,Desconocido,Bodø/Glimt,Sporting CP,3,0,,,,,,
2440256,2026-03-17 17:45:00,Desconocido,Sporting CP,Bodø/Glimt,5,0,,,,,,
2440249,2026-03-17 20:00:00,Desconocido,Manchester City,Real Madrid,1,2,,,,,,
2440251,2026-03-17 20:00:00,Desconocido,Chelsea,Paris SG,0,3,,,,,,
2440253,2026-03-17 20:00:00,Desconocido,Arsenal,Bayer Leverkusen,2,0,,,,,,
2440250,2026-03-18 17:45:00,Desconocido,Barcelona,Newcastle United,7,2,,,,,,
2440252,2026-03-18 20:00:00,Desconocido,Liverpool,Galatasaray,4,0,,,,,,
2440254,2026-03-18 20:00:00,Desconocido,Tottenham Hotspur,Atlético Madrid,3,2,,,,,,
2440255,2026-03-18 20:00:00,Desconocido,Bayern Munich,Atalanta,4,1,,,,,,
2451168,2026-04-07 19:00:00,Desconocido,Sporting CP,Arsenal,0,1,,,,,,
2452575,2026-04-07 19:00:00,Desconocido,Real Madrid,Bayern Munich,1,2,,,,,,
2452573,2026-04-08 19:00:00,Desconocido,Paris SG,Liverpool,2,0,,,,,,
2452574,2026-04-08 19:00:00,Desconocido,Barcelona,Atlético Madrid,0,2,,,,,,
2452576,2026-04-14 19:00:00,Desconocido,Liverpool,Paris SG,0,2,,,,,,
2452578,2026-04-14 19:00:00,Desconocido,Atlético Madrid,Barcelona,1,2,,,,,,
2451169,2026-04-15 19:00:00,Desconocido,Arsenal,Sporting CP,0,0,,,,,,
2452577,2026-04-15 19:00:00,Desconocido,Bayern Munich,Real Madrid,4,3,,,,,,
2466172,2026-04-28 19:00:00,Desconocido,Paris SG,Bayern Munich,5,4,,,,,,
2466173,2026-04-29 19:00:00,Desconocido,Atlético Madrid,Arsenal,1,1,,,,,,
2466174,2026-05-05 19:00:00,Desconocido,Arsenal,Atlético Madrid,1,0,,,,,,
2466175,2026-05-06 19:00:00,Desconocido,Bayern Munich,Paris SG,1,1,,,,,,
2470477,2026-05-30 16:00:00,Desconocido,Paris SG,Arsenal,1,1,,,,,,
